{"cameraMode":{"drawMode":0,"name":"Shaded","section":"Shading Mode"},"sceneLighting":false,"audioPlay":false,"sceneViewState":{"showFog":true,"showMaterialUpdate":false,"showSkybox":false,"showFlares":true,"showImageEffects":true,"showParticleSystems":true},"in2DMode":false,"pivot":{"x":-0.6607837677001953,"y":0.3304073214530945,"z":0.0},"rotation":{"x":0.46245867013931277,"y":-0.019946373999118806,"z":0.010407074354588986,"w":0.8863556385040283},"size":1.3927717208862305,"orthographic":false}